people,number,message
"{'craft': 'ISS', 'name': 'Oleg Kononenko'}",12,success
"{'craft': 'ISS', 'name': 'Nikolai Chub'}",12,success
"{'craft': 'ISS', 'name': 'Tracy Caldwell Dyson'}",12,success
"{'craft': 'ISS', 'name': 'Matthew Dominick'}",12,success
"{'craft': 'ISS', 'name': 'Michael Barratt'}",12,success
"{'craft': 'ISS', 'name': 'Jeanette Epps'}",12,success
"{'craft': 'ISS', 'name': 'Alexander Grebenkin'}",12,success
"{'craft': 'ISS', 'name': 'Butch Wilmore'}",12,success
"{'craft': 'ISS', 'name': 'Sunita Williams'}",12,success
"{'craft': 'Tiangong', 'name': 'Li Guangsu'}",12,success
"{'craft': 'Tiangong', 'name': 'Li Cong'}",12,success
"{'craft': 'Tiangong', 'name': 'Ye Guangfu'}",12,success
